filename,file_size,file_attributes,region_count,region_id,region_shape_attributes,region_attributes
Monika_1.jpg,214967,"{""series"":"""",""frame_id"":""""}",1,0,"{""name"":""rect"",""x"":583,""y"":133,""width"":404,""height"":381}","{""name"":""Monika"",""pose"":""profile""}"
Monika_2.jpg,215808,"{""series"":"""",""frame_id"":""""}",1,0,"{""name"":""rect"",""x"":560,""y"":126,""width"":446,""height"":381}","{""name"":""Monika"",""pose"":""profile""}"
Monika_3.jpg,215956,"{""series"":"""",""frame_id"":""""}",1,0,"{""name"":""rect"",""x"":537,""y"":96,""width"":472,""height"":447}","{""name"":""Monika"",""pose"":""frontal""}"
Monika_4.jpg,216426,"{""series"":"""",""frame_id"":""""}",1,0,"{""name"":""rect"",""x"":507,""y"":95,""width"":509,""height"":468}","{""name"":""Monika"",""pose"":""frontal""}"
Monika_5.jpg,218402,"{""series"":"""",""frame_id"":""""}",1,0,"{""name"":""rect"",""x"":629,""y"":156,""width"":230,""height"":284}","{""name"":""Monika"",""pose"":""frontal""}"
Monika_6.jpg,220135,"{""series"":"""",""frame_id"":""""}",1,0,"{""name"":""rect"",""x"":588,""y"":135,""width"":390,""height"":365}","{""name"":""Monika"",""pose"":""frontal""}"
Monika_7.jpg,222389,"{""series"":"""",""frame_id"":""""}",1,0,"{""name"":""rect"",""x"":539,""y"":167,""width"":374,""height"":315}","{""name"":""Monika"",""pose"":""frontal""}"
Monika_8.jpg,224749,"{""series"":"""",""frame_id"":""""}",1,0,"{""name"":""rect"",""x"":580,""y"":123,""width"":346,""height"":378}","{""name"":""Monika"",""pose"":""frontal""}"
Monika_9.jpg,226776,"{""series"":"""",""frame_id"":""""}",1,0,"{""name"":""rect"",""x"":590,""y"":176,""width"":331,""height"":315}","{""name"":""Monika"",""pose"":""frontal""}"
Monika_10.jpg,225121,"{""series"":"""",""frame_id"":""""}",1,0,"{""name"":""rect"",""x"":517,""y"":126,""width"":516,""height"":399}","{""name"":""Monika"",""pose"":""frontal""}"
Monika_11.jpg,224423,"{""series"":"""",""frame_id"":""""}",1,0,"{""name"":""rect"",""x"":585,""y"":171,""width"":336,""height"":344}","{""name"":""Monika"",""pose"":""frontal""}"
Monika_12.jpg,223743,"{""series"":"""",""frame_id"":""""}",1,0,"{""name"":""rect"",""x"":593,""y"":157,""width"":374,""height"":383}","{""name"":""Monika"",""pose"":""frontal""}"
Monika_13.jpg,215364,"{""series"":"""",""frame_id"":""""}",1,0,"{""name"":""rect"",""x"":557,""y"":152,""width"":389,""height"":369}","{""name"":""Monika"",""pose"":""frontal""}"
Monika_14.jpg,194852,"{""series"":"""",""frame_id"":""""}",1,0,"{""name"":""rect"",""x"":602,""y"":161,""width"":355,""height"":395}","{""name"":""Monika"",""pose"":""profile""}"
Monika_15.jpg,194948,"{""series"":"""",""frame_id"":""""}",1,0,"{""name"":""rect"",""x"":561,""y"":190,""width"":391,""height"":319}","{""name"":""Monika"",""pose"":""frontal""}"
Monika_16.jpg,193214,"{""series"":"""",""frame_id"":""""}",1,0,"{""name"":""rect"",""x"":561,""y"":132,""width"":414,""height"":407}","{""name"":""Monika"",""pose"":""frontal""}"
Monika_17.jpg,192428,"{""series"":"""",""frame_id"":""""}",1,0,"{""name"":""rect"",""x"":543,""y"":144,""width"":460,""height"":384}","{""name"":""Monika"",""pose"":""frontal""}"
Monika_18.jpg,196821,"{""series"":"""",""frame_id"":""""}",1,0,"{""name"":""rect"",""x"":528,""y"":156,""width"":468,""height"":374}","{""name"":""Monika"",""pose"":""frontal""}"
Monika_19.jpg,202078,"{""series"":"""",""frame_id"":""""}",1,0,"{""name"":""rect"",""x"":540,""y"":131,""width"":392,""height"":406}","{""name"":""Monika"",""pose"":""frontal""}"
Monika_20.jpg,207532,"{""series"":"""",""frame_id"":""""}",1,0,"{""name"":""rect"",""x"":649,""y"":205,""width"":223,""height"":311}","{""name"":""Monika"",""pose"":""frontal""}"
Monika_21.jpg,210541,"{""series"":"""",""frame_id"":""""}",1,0,"{""name"":""rect"",""x"":573,""y"":176,""width"":348,""height"":335}","{""name"":""Monika"",""pose"":""frontal""}"
Monika_22.jpg,211536,"{""series"":"""",""frame_id"":""""}",1,0,"{""name"":""rect"",""x"":554,""y"":127,""width"":493,""height"":429}","{""name"":""Monika"",""pose"":""frontal""}"
Monika_23.jpg,212078,"{""series"":"""",""frame_id"":""""}",1,0,"{""name"":""rect"",""x"":624,""y"":204,""width"":295,""height"":292}","{""name"":""Monika"",""pose"":""frontal""}"
Monika_24.jpg,211812,"{""series"":"""",""frame_id"":""""}",1,0,"{""name"":""rect"",""x"":559,""y"":162,""width"":396,""height"":329}","{""name"":""Monika"",""pose"":""frontal""}"
Monika_25.jpg,211486,"{""series"":"""",""frame_id"":""""}",1,0,"{""name"":""rect"",""x"":569,""y"":188,""width"":370,""height"":320}","{""name"":""Monika"",""pose"":""frontal""}"
Monika_26.jpg,210477,"{""series"":"""",""frame_id"":""""}",1,0,"{""name"":""rect"",""x"":578,""y"":167,""width"":367,""height"":327}","{""name"":""Monika"",""pose"":""frontal""}"
Monika_27.jpg,209017,"{""series"":"""",""frame_id"":""""}",1,0,"{""name"":""rect"",""x"":582,""y"":142,""width"":360,""height"":357}","{""name"":""Monika"",""pose"":""frontal""}"
Monika_28.jpg,208070,"{""series"":"""",""frame_id"":""""}",1,0,"{""name"":""rect"",""x"":633,""y"":196,""width"":239,""height"":293}","{""name"":""Monika"",""pose"":""frontal""}"
Monika_29.jpg,208085,"{""series"":"""",""frame_id"":""""}",1,0,"{""name"":""rect"",""x"":580,""y"":188,""width"":340,""height"":330}","{""name"":""Monika"",""pose"":""frontal""}"
Monika_30.jpg,208701,"{""series"":"""",""frame_id"":""""}",1,0,"{""name"":""rect"",""x"":568,""y"":182,""width"":366,""height"":319}","{""name"":""Monika"",""pose"":""frontal""}"
Monika_31.jpg,209187,"{""series"":"""",""frame_id"":""""}",1,0,"{""name"":""rect"",""x"":559,""y"":173,""width"":452,""height"":338}","{""name"":""Monika"",""pose"":""frontal""}"
Monika_32.jpg,209763,"{""series"":"""",""frame_id"":""""}",1,0,"{""name"":""rect"",""x"":539,""y"":149,""width"":361,""height"":358}","{""name"":""Monika"",""pose"":""frontal""}"
Monika_33.jpg,210193,"{""series"":"""",""frame_id"":""""}",1,0,"{""name"":""rect"",""x"":573,""y"":158,""width"":420,""height"":378}","{""name"":""Monika"",""pose"":""frontal""}"
Monika_34.jpg,210314,"{""series"":"""",""frame_id"":""""}",1,0,"{""name"":""rect"",""x"":556,""y"":164,""width"":477,""height"":369}","{""name"":""Monika"",""pose"":""frontal""}"
Monika_35.jpg,209862,"{""series"":"""",""frame_id"":""""}",1,0,"{""name"":""rect"",""x"":562,""y"":172,""width"":397,""height"":347}","{""name"":""Monika"",""pose"":""frontal""}"
Monika_36.jpg,209493,"{""series"":"""",""frame_id"":""""}",1,0,"{""name"":""rect"",""x"":578,""y"":162,""width"":371,""height"":352}","{""name"":""Monika"",""pose"":""frontal""}"
Monika_37.jpg,208622,"{""series"":"""",""frame_id"":""""}",1,0,"{""name"":""rect"",""x"":521,""y"":171,""width"":443,""height"":322}","{""name"":""Monika"",""pose"":""frontal""}"
Monika_38.jpg,208399,"{""series"":"""",""frame_id"":""""}",1,0,"{""name"":""rect"",""x"":531,""y"":158,""width"":470,""height"":354}","{""name"":""Monika"",""pose"":""frontal""}"
Monika_39.jpg,209026,"{""series"":"""",""frame_id"":""""}",1,0,"{""name"":""rect"",""x"":545,""y"":168,""width"":446,""height"":326}","{""name"":""Monika"",""pose"":""frontal""}"
Monika_40.jpg,208569,"{""series"":"""",""frame_id"":""""}",1,0,"{""name"":""rect"",""x"":559,""y"":150,""width"":429,""height"":387}","{""name"":""Monika"",""pose"":""frontal""}"
Monika_41.jpg,208231,"{""series"":"""",""frame_id"":""""}",1,0,"{""name"":""rect"",""x"":581,""y"":136,""width"":392,""height"":407}","{""name"":""Monika"",""pose"":""frontal""}"
Monika_42.jpg,209134,"{""series"":"""",""frame_id"":""""}",1,0,"{""name"":""rect"",""x"":503,""y"":132,""width"":524,""height"":439}","{""name"":""Monika"",""pose"":""frontal""}"
Monika_43.jpg,209150,"{""series"":"""",""frame_id"":""""}",1,0,"{""name"":""rect"",""x"":527,""y"":162,""width"":442,""height"":423}","{""name"":""Monika"",""pose"":""frontal""}"
Monika_44.jpg,210149,"{""series"":"""",""frame_id"":""""}",1,0,"{""name"":""rect"",""x"":528,""y"":112,""width"":492,""height"":452}","{""name"":""Monika"",""pose"":""frontal""}"
Monika_45.jpg,209467,"{""series"":"""",""frame_id"":""""}",1,0,"{""name"":""rect"",""x"":483,""y"":127,""width"":588,""height"":396}","{""name"":""Monika"",""pose"":""frontal""}"
Monika_46.jpg,208256,"{""series"":"""",""frame_id"":""""}",1,0,"{""name"":""rect"",""x"":691,""y"":182,""width"":223,""height"":266}","{""name"":""Monika"",""pose"":""frontal""}"
Monika_47.jpg,208307,"{""series"":"""",""frame_id"":""""}",1,0,"{""name"":""rect"",""x"":550,""y"":172,""width"":547,""height"":415}","{""name"":""Monika"",""pose"":""frontal""}"
Monika_48.jpg,208669,"{""series"":"""",""frame_id"":""""}",1,0,"{""name"":""rect"",""x"":591,""y"":139,""width"":299,""height"":287}","{""name"":""Monika"",""pose"":""frontal""}"
Monika_49.jpg,209331,"{""series"":"""",""frame_id"":""""}",1,0,"{""name"":""rect"",""x"":557,""y"":148,""width"":501,""height"":406}","{""name"":""Monika"",""pose"":""frontal""}"
Monika_50.jpg,209704,"{""series"":"""",""frame_id"":""""}",1,0,"{""name"":""rect"",""x"":507,""y"":155,""width"":539,""height"":353}","{""name"":""Monika"",""pose"":""frontal""}"
Monika_51.jpg,190953,"{""series"":"""",""frame_id"":""""}",1,0,"{""name"":""rect"",""x"":457,""y"":144,""width"":574,""height"":433}","{""name"":""Monika"",""pose"":""frontal""}"
Monika_52.jpg,190542,"{""series"":"""",""frame_id"":""""}",1,0,"{""name"":""rect"",""x"":459,""y"":132,""width"":490,""height"":486}","{""name"":""Monika"",""pose"":""frontal""}"
Monika_53.jpg,188759,"{""series"":"""",""frame_id"":""""}",1,0,"{""name"":""rect"",""x"":482,""y"":126,""width"":476,""height"":482}","{""name"":""Monika"",""pose"":""frontal""}"
Monika_54.jpg,188340,"{""series"":"""",""frame_id"":""""}",1,0,"{""name"":""rect"",""x"":478,""y"":153,""width"":444,""height"":410}","{""name"":""Monika"",""pose"":""frontal""}"
Monika_55.jpg,191489,"{""series"":"""",""frame_id"":""""}",1,0,"{""name"":""rect"",""x"":467,""y"":138,""width"":439,""height"":398}","{""name"":""Monika"",""pose"":""frontal""}"
Monika_56.jpg,192443,"{""series"":"""",""frame_id"":""""}",1,0,"{""name"":""rect"",""x"":478,""y"":98,""width"":498,""height"":492}","{""name"":""Monika"",""pose"":""frontal""}"
Monika_57.jpg,192583,"{""series"":"""",""frame_id"":""""}",1,0,"{""name"":""rect"",""x"":476,""y"":115,""width"":602,""height"":499}","{""name"":""Monika"",""pose"":""frontal""}"
Monika_58.jpg,192136,"{""series"":"""",""frame_id"":""""}",1,0,"{""name"":""rect"",""x"":447,""y"":132,""width"":632,""height"":455}","{""name"":""Monika"",""pose"":""frontal""}"
Monika_59.jpg,191643,"{""series"":"""",""frame_id"":""""}",1,0,"{""name"":""rect"",""x"":503,""y"":174,""width"":458,""height"":466}","{""name"":""Monika"",""pose"":""frontal""}"
Monika_60.jpg,191211,"{""series"":"""",""frame_id"":""""}",1,0,"{""name"":""rect"",""x"":495,""y"":106,""width"":567,""height"":504}","{""name"":""Monika"",""pose"":""frontal""}"
Monika_61.jpg,192922,"{""series"":"""",""frame_id"":""""}",1,0,"{""name"":""rect"",""x"":570,""y"":189,""width"":336,""height"":337}","{""name"":""Monika"",""pose"":""frontal""}"
Monika_62.jpg,192913,"{""series"":"""",""frame_id"":""""}",1,0,"{""name"":""rect"",""x"":488,""y"":176,""width"":453,""height"":406}","{""name"":""Monika"",""pose"":""frontal""}"
Monika_63.jpg,193267,"{""series"":"""",""frame_id"":""""}",1,0,"{""name"":""rect"",""x"":505,""y"":182,""width"":354,""height"":332}","{""name"":""Monika"",""pose"":""frontal""}"
Monika_64.jpg,193110,"{""series"":"""",""frame_id"":""""}",1,0,"{""name"":""rect"",""x"":534,""y"":158,""width"":321,""height"":352}","{""name"":""Monika"",""pose"":""frontal""}"
Monika_65.jpg,191712,"{""series"":"""",""frame_id"":""""}",1,0,"{""name"":""rect"",""x"":545,""y"":198,""width"":308,""height"":348}","{""name"":""Monika"",""pose"":""frontal""}"
Monika_66.jpg,192950,"{""series"":"""",""frame_id"":""""}",1,0,"{""name"":""rect"",""x"":412,""y"":124,""width"":654,""height"":473}","{""name"":""Monika"",""pose"":""frontal""}"
Monika_67.jpg,194108,"{""series"":"""",""frame_id"":""""}",1,0,"{""name"":""rect"",""x"":438,""y"":120,""width"":602,""height"":479}","{""name"":""Monika"",""pose"":""frontal""}"
Monika_68.jpg,194133,"{""series"":"""",""frame_id"":""""}",1,0,"{""name"":""rect"",""x"":446,""y"":120,""width"":550,""height"":466}","{""name"":""Monika"",""pose"":""frontal""}"
Monika_69.jpg,193382,"{""series"":"""",""frame_id"":""""}",1,0,"{""name"":""rect"",""x"":420,""y"":94,""width"":598,""height"":504}","{""name"":""Monika"",""pose"":""frontal""}"
Monika_70.jpg,193401,"{""series"":"""",""frame_id"":""""}",1,0,"{""name"":""rect"",""x"":525,""y"":202,""width"":295,""height"":283}","{""name"":""Monika"",""pose"":""frontal""}"
Monika_71.jpg,193376,"{""series"":"""",""frame_id"":""""}",1,0,"{""name"":""rect"",""x"":465,""y"":133,""width"":472,""height"":423}","{""name"":""Monika"",""pose"":""frontal""}"
Monika_72.jpg,193938,"{""series"":"""",""frame_id"":""""}",1,0,"{""name"":""rect"",""x"":543,""y"":199,""width"":314,""height"":304}","{""name"":""Monika"",""pose"":""frontal""}"
Monika_73.jpg,192636,"{""series"":"""",""frame_id"":""""}",1,0,"{""name"":""rect"",""x"":496,""y"":180,""width"":564,""height"":429}","{""name"":""Monika"",""pose"":""frontal""}"
Monika_74.jpg,192738,"{""series"":"""",""frame_id"":""""}",1,0,"{""name"":""rect"",""x"":449,""y"":131,""width"":537,""height"":462}","{""name"":""Monika"",""pose"":""frontal""}"
Monika_75.jpg,193063,"{""series"":"""",""frame_id"":""""}",1,0,"{""name"":""rect"",""x"":510,""y"":153,""width"":410,""height"":452}","{""name"":""Monika"",""pose"":""frontal""}"
Monika_76.jpg,192354,"{""series"":"""",""frame_id"":""""}",1,0,"{""name"":""rect"",""x"":484,""y"":118,""width"":461,""height"":441}","{""name"":""Monika"",""pose"":""frontal""}"
Monika_77.jpg,192364,"{""series"":"""",""frame_id"":""""}",1,0,"{""name"":""rect"",""x"":472,""y"":157,""width"":436,""height"":365}","{""name"":""Monika"",""pose"":""frontal""}"
Monika_78.jpg,192699,"{""series"":"""",""frame_id"":""""}",1,0,"{""name"":""rect"",""x"":495,""y"":187,""width"":433,""height"":400}","{""name"":""Monika"",""pose"":""frontal""}"
Monika_79.jpg,192108,"{""series"":"""",""frame_id"":""""}",1,0,"{""name"":""rect"",""x"":488,""y"":133,""width"":407,""height"":482}","{""name"":""Monika"",""pose"":""frontal""}"
Monika_80.jpg,193105,"{""series"":"""",""frame_id"":""""}",1,0,"{""name"":""rect"",""x"":432,""y"":155,""width"":569,""height"":416}","{""name"":""Monika"",""pose"":""frontal""}"
Monika_81.jpg,193059,"{""series"":"""",""frame_id"":""""}",1,0,"{""name"":""rect"",""x"":520,""y"":121,""width"":304,""height"":417}","{""name"":""Monika"",""pose"":""frontal""}"
Monika_82.jpg,192273,"{""series"":"""",""frame_id"":""""}",1,0,"{""name"":""rect"",""x"":521,""y"":128,""width"":396,""height"":494}","{""name"":""Monika"",""pose"":""frontal""}"
Monika_83.jpg,193309,"{""series"":"""",""frame_id"":""""}",1,0,"{""name"":""rect"",""x"":423,""y"":107,""width"":543,""height"":490}","{""name"":""Monika"",""pose"":""frontal""}"
Monika_84.jpg,193242,"{""series"":"""",""frame_id"":""""}",1,0,"{""name"":""rect"",""x"":494,""y"":133,""width"":496,""height"":473}","{""name"":""Monika"",""pose"":""frontal""}"
Monika_85.jpg,192377,"{""series"":"""",""frame_id"":""""}",1,0,"{""name"":""rect"",""x"":459,""y"":129,""width"":496,""height"":473}","{""name"":""Monika"",""pose"":""frontal""}"
Monika_86.jpg,192072,"{""series"":"""",""frame_id"":""""}",1,0,"{""name"":""rect"",""x"":479,""y"":111,""width"":472,""height"":460}","{""name"":""Monika"",""pose"":""frontal""}"
Monika_87.jpg,192682,"{""series"":"""",""frame_id"":""""}",1,0,"{""name"":""rect"",""x"":504,""y"":148,""width"":401,""height"":429}","{""name"":""Monika"",""pose"":""frontal""}"
Monika_88.jpg,192633,"{""series"":"""",""frame_id"":""""}",1,0,"{""name"":""rect"",""x"":503,""y"":114,""width"":559,""height"":475}","{""name"":""Monika"",""pose"":""frontal""}"
Monika_89.jpg,191912,"{""series"":"""",""frame_id"":""""}",1,0,"{""name"":""rect"",""x"":439,""y"":132,""width"":511,""height"":470}","{""name"":""Monika"",""pose"":""frontal""}"
Monika_90.jpg,190712,"{""series"":"""",""frame_id"":""""}",1,0,"{""name"":""rect"",""x"":458,""y"":98,""width"":516,""height"":488}","{""name"":""Monika"",""pose"":""frontal""}"
Monika_91.jpg,191703,"{""series"":"""",""frame_id"":""""}",1,0,"{""name"":""rect"",""x"":453,""y"":87,""width"":498,""height"":507}","{""name"":""Monika"",""pose"":""frontal""}"
Monika_92.jpg,192755,"{""series"":"""",""frame_id"":""""}",1,0,"{""name"":""rect"",""x"":400,""y"":124,""width"":622,""height"":491}","{""name"":""Monika"",""pose"":""frontal""}"
Monika_93.jpg,195165,"{""series"":"""",""frame_id"":""""}",1,0,"{""name"":""rect"",""x"":453,""y"":149,""width"":553,""height"":450}","{""name"":""Monika"",""pose"":""frontal""}"
Monika_94.jpg,197133,"{""series"":"""",""frame_id"":""""}",1,0,"{""name"":""rect"",""x"":395,""y"":150,""width"":606,""height"":452}","{""name"":""Monika"",""pose"":""frontal""}"
Monika_95.jpg,198275,"{""series"":"""",""frame_id"":""""}",1,0,"{""name"":""rect"",""x"":405,""y"":106,""width"":599,""height"":499}","{""name"":""Monika"",""pose"":""frontal""}"
Monika_96.jpg,198677,"{""series"":"""",""frame_id"":""""}",1,0,"{""name"":""rect"",""x"":431,""y"":109,""width"":530,""height"":481}","{""name"":""Monika"",""pose"":""frontal""}"
Monika_97.jpg,198334,"{""series"":"""",""frame_id"":""""}",1,0,"{""name"":""rect"",""x"":460,""y"":76,""width"":503,""height"":533}","{""name"":""Monika"",""pose"":""frontal""}"
Monika_98.jpg,197654,"{""series"":"""",""frame_id"":""""}",1,0,"{""name"":""rect"",""x"":427,""y"":114,""width"":583,""height"":496}","{""name"":""Monika"",""pose"":""frontal""}"
Monika_99.jpg,197538,"{""series"":"""",""frame_id"":""""}",1,0,"{""name"":""rect"",""x"":436,""y"":113,""width"":583,""height"":476}","{""name"":""Monika"",""pose"":""frontal""}"
Monika_100.jpg,196654,"{""series"":"""",""frame_id"":""""}",1,0,"{""name"":""rect"",""x"":423,""y"":100,""width"":555,""height"":521}","{""name"":""Monika"",""pose"":""frontal""}"
Trang_100.jpg,227716,"{""series"":"""",""frame_id"":""""}",1,0,"{""name"":""rect"",""x"":336,""y"":154,""width"":342,""height"":404}","{""name"":""Trang"",""pose"":""frontal""}"
Trang_99.jpg,228000,"{""series"":"""",""frame_id"":""""}",1,0,"{""name"":""rect"",""x"":344,""y"":149,""width"":340,""height"":419}","{""name"":""Trang"",""pose"":""frontal""}"
Trang_98.jpg,228173,"{""series"":"""",""frame_id"":""""}",1,0,"{""name"":""rect"",""x"":312,""y"":146,""width"":367,""height"":425}","{""name"":""Trang"",""pose"":""frontal""}"
Trang_97.jpg,228358,"{""series"":"""",""frame_id"":""""}",1,0,"{""name"":""rect"",""x"":328,""y"":146,""width"":348,""height"":431}","{""name"":""Trang"",""pose"":""frontal""}"
Trang_96.jpg,229323,"{""series"":"""",""frame_id"":""""}",1,0,"{""name"":""rect"",""x"":321,""y"":142,""width"":358,""height"":449}","{""name"":""Trang"",""pose"":""frontal""}"
Trang_95.jpg,230263,"{""series"":"""",""frame_id"":""""}",1,0,"{""name"":""rect"",""x"":303,""y"":142,""width"":390,""height"":441}","{""name"":""Trang"",""pose"":""frontal""}"
Trang_94.jpg,231019,"{""series"":"""",""frame_id"":""""}",1,0,"{""name"":""rect"",""x"":300,""y"":132,""width"":392,""height"":445}","{""name"":""Trang"",""pose"":""frontal""}"
Trang_93.jpg,231690,"{""series"":"""",""frame_id"":""""}",1,0,"{""name"":""rect"",""x"":292,""y"":129,""width"":400,""height"":458}","{""name"":""Trang"",""pose"":""frontal""}"
Trang_92.jpg,232034,"{""series"":"""",""frame_id"":""""}",1,0,"{""name"":""rect"",""x"":271,""y"":115,""width"":431,""height"":469}","{""name"":""Trang"",""pose"":""frontal""}"
Trang_91.jpg,232890,"{""series"":"""",""frame_id"":""""}",1,0,"{""name"":""rect"",""x"":288,""y"":116,""width"":402,""height"":461}","{""name"":""Trang"",""pose"":""frontal""}"
Trang_90.jpg,232667,"{""series"":"""",""frame_id"":""""}",1,0,"{""name"":""rect"",""x"":302,""y"":137,""width"":385,""height"":445}","{""name"":""Trang"",""pose"":""frontal""}"
Trang_89.jpg,231138,"{""series"":"""",""frame_id"":""""}",1,0,"{""name"":""rect"",""x"":275,""y"":116,""width"":410,""height"":466}","{""name"":""Trang"",""pose"":""frontal""}"
Trang_88.jpg,230170,"{""series"":"""",""frame_id"":""""}",1,0,"{""name"":""rect"",""x"":287,""y"":133,""width"":381,""height"":446}","{""name"":""Trang"",""pose"":""frontal""}"
Trang_87.jpg,229899,"{""series"":"""",""frame_id"":""""}",1,0,"{""name"":""rect"",""x"":298,""y"":112,""width"":370,""height"":471}","{""name"":""Trang"",""pose"":""frontal""}"
Trang_86.jpg,229537,"{""series"":"""",""frame_id"":""""}",1,0,"{""name"":""rect"",""x"":233,""y"":119,""width"":437,""height"":471}","{""name"":""Trang"",""pose"":""frontal""}"
Trang_85.jpg,230766,"{""series"":"""",""frame_id"":""""}",1,0,"{""name"":""rect"",""x"":257,""y"":128,""width"":408,""height"":453}","{""name"":""Trang"",""pose"":""frontal""}"
Trang_84.jpg,230070,"{""series"":"""",""frame_id"":""""}",1,0,"{""name"":""rect"",""x"":238,""y"":116,""width"":450,""height"":461}","{""name"":""Trang"",""pose"":""frontal""}"
Trang_83.jpg,229874,"{""series"":"""",""frame_id"":""""}",1,0,"{""name"":""rect"",""x"":238,""y"":117,""width"":427,""height"":471}","{""name"":""Trang"",""pose"":""frontal""}"
Trang_82.jpg,229989,"{""series"":"""",""frame_id"":""""}",1,0,"{""name"":""rect"",""x"":237,""y"":119,""width"":432,""height"":475}","{""name"":""Trang"",""pose"":""frontal""}"
Trang_81.jpg,230776,"{""series"":"""",""frame_id"":""""}",1,0,"{""name"":""rect"",""x"":250,""y"":122,""width"":406,""height"":454}","{""name"":""Trang"",""pose"":""frontal""}"
Trang_80.jpg,231107,"{""series"":"""",""frame_id"":""""}",1,0,"{""name"":""rect"",""x"":238,""y"":124,""width"":428,""height"":478}","{""name"":""Trang"",""pose"":""frontal""}"
Trang_79.jpg,231039,"{""series"":"""",""frame_id"":""""}",1,0,"{""name"":""rect"",""x"":225,""y"":119,""width"":439,""height"":499}","{""name"":""Trang"",""pose"":""frontal""}"
Trang_78.jpg,231425,"{""series"":"""",""frame_id"":""""}",1,0,"{""name"":""rect"",""x"":261,""y"":117,""width"":399,""height"":461}","{""name"":""Trang"",""pose"":""frontal""}"
Trang_77.jpg,230775,"{""series"":"""",""frame_id"":""""}",1,0,"{""name"":""rect"",""x"":267,""y"":121,""width"":391,""height"":491}","{""name"":""Trang"",""pose"":""frontal""}"
Trang_76.jpg,231119,"{""series"":"""",""frame_id"":""""}",1,0,"{""name"":""rect"",""x"":254,""y"":132,""width"":411,""height"":465}","{""name"":""Trang"",""pose"":""frontal""}"
Trang_75.jpg,232579,"{""series"":"""",""frame_id"":""""}",1,0,"{""name"":""rect"",""x"":287,""y"":142,""width"":377,""height"":449}","{""name"":""Trang"",""pose"":""frontal""}"
Trang_74.jpg,230687,"{""series"":"""",""frame_id"":""""}",1,0,"{""name"":""rect"",""x"":257,""y"":134,""width"":427,""height"":460}","{""name"":""Trang"",""pose"":""frontal""}"
Trang_73.jpg,221914,"{""series"":"""",""frame_id"":""""}",1,0,"{""name"":""rect"",""x"":263,""y"":137,""width"":402,""height"":453}","{""name"":""Trang"",""pose"":""frontal""}"
Trang_72.jpg,198312,"{""series"":"""",""frame_id"":""""}",1,0,"{""name"":""rect"",""x"":244,""y"":128,""width"":373,""height"":454}","{""name"":""Trang"",""pose"":""frontal""}"
Trang_71.jpg,197936,"{""series"":"""",""frame_id"":""""}",1,0,"{""name"":""rect"",""x"":192,""y"":120,""width"":375,""height"":454}","{""name"":""Trang"",""pose"":""frontal""}"
Trang_70.jpg,201632,"{""series"":"""",""frame_id"":""""}",1,0,"{""name"":""rect"",""x"":112,""y"":124,""width"":398,""height"":433}","{""name"":""Trang"",""pose"":""frontal""}"
Trang_69.jpg,206091,"{""series"":"""",""frame_id"":""""}",2,0,"{""name"":""rect"",""x"":54,""y"":109,""width"":395,""height"":445}","{""name"":""Trang"",""pose"":""frontal""}"
Trang_69.jpg,206091,"{""series"":"""",""frame_id"":""""}",2,1,"{""name"":""rect"",""x"":928,""y"":90,""width"":349,""height"":448}","{""name"":undefined,""pose"":""frontal""}"
Trang_67.jpg,209902,"{""series"":"""",""frame_id"":""""}",2,0,"{""name"":""rect"",""x"":5,""y"":67,""width"":340,""height"":523}","{""name"":""Trang"",""pose"":""frontal""}"
Trang_67.jpg,209902,"{""series"":"""",""frame_id"":""""}",2,1,"{""name"":""rect"",""x"":824,""y"":78,""width"":396,""height"":495}","{""name"":""Monika"",""pose"":""frontal""}"
Trang_66.jpg,208073,"{""series"":"""",""frame_id"":""""}",2,0,"{""name"":""rect"",""x"":7,""y"":49,""width"":295,""height"":540}","{""name"":""Trang"",""pose"":""frontal""}"
Trang_66.jpg,208073,"{""series"":"""",""frame_id"":""""}",2,1,"{""name"":""rect"",""x"":772,""y"":103,""width"":442,""height"":478}","{""name"":""Monika"",""pose"":""frontal""}"
Trang_65.jpg,209159,"{""series"":"""",""frame_id"":""""}",2,0,"{""name"":""rect"",""x"":5,""y"":47,""width"":258,""height"":564}","{""name"":""Trang"",""pose"":""frontal""}"
Trang_65.jpg,209159,"{""series"":"""",""frame_id"":""""}",2,1,"{""name"":""rect"",""x"":777,""y"":103,""width"":408,""height"":520}","{""name"":""Monika"",""pose"":""frontal""}"
Trang_64.jpg,207369,"{""series"":"""",""frame_id"":""""}",1,0,"{""name"":""rect"",""x"":732,""y"":101,""width"":415,""height"":474}","{""name"":""Monika"",""pose"":""frontal""}"
Trang_63.jpg,207686,"{""series"":"""",""frame_id"":""""}",1,0,"{""name"":""rect"",""x"":662,""y"":112,""width"":448,""height"":460}","{""name"":""Monika"",""pose"":""frontal""}"
Trang_62.jpg,206021,"{""series"":"""",""frame_id"":""""}",1,0,"{""name"":""rect"",""x"":697,""y"":112,""width"":387,""height"":496}","{""name"":""Monika"",""pose"":""frontal""}"
Trang_61.jpg,204545,"{""series"":"""",""frame_id"":""""}",1,0,"{""name"":""rect"",""x"":635,""y"":142,""width"":419,""height"":454}","{""name"":""Monika"",""pose"":""frontal""}"
Trang_60.jpg,208133,"{""series"":"""",""frame_id"":""""}",1,0,"{""name"":""rect"",""x"":620,""y"":120,""width"":446,""height"":514}","{""name"":""Monika"",""pose"":""frontal""}"
Trang_59.jpg,209135,"{""series"":"""",""frame_id"":""""}",1,0,"{""name"":""rect"",""x"":558,""y"":117,""width"":519,""height"":553}","{""name"":""Monika"",""pose"":""frontal""}"
Trang_58.jpg,199887,"{""series"":"""",""frame_id"":""""}",1,0,"{""name"":""rect"",""x"":573,""y"":137,""width"":478,""height"":506}","{""name"":""Monika"",""pose"":""frontal""}"
Trang_57.jpg,205282,"{""series"":"""",""frame_id"":""""}",1,0,"{""name"":""rect"",""x"":528,""y"":129,""width"":507,""height"":515}","{""name"":""Monika"",""pose"":""frontal""}"
Trang_56.jpg,208271,"{""series"":"""",""frame_id"":""""}",1,0,"{""name"":""rect"",""x"":550,""y"":115,""width"":448,""height"":521}","{""name"":""Monika"",""pose"":""frontal""}"
Trang_55.jpg,208293,"{""series"":"""",""frame_id"":""""}",1,0,"{""name"":""rect"",""x"":533,""y"":129,""width"":474,""height"":502}","{""name"":""Monika"",""pose"":""frontal""}"
Trang_54.jpg,207611,"{""series"":"""",""frame_id"":""""}",1,0,"{""name"":""rect"",""x"":525,""y"":140,""width"":474,""height"":486}","{""name"":""Monika"",""pose"":""frontal""}"
Trang_53.jpg,207282,"{""series"":"""",""frame_id"":""""}",1,0,"{""name"":""rect"",""x"":498,""y"":121,""width"":496,""height"":543}","{""name"":""Monika"",""pose"":""frontal""}"
Trang_52.jpg,207873,"{""series"":"""",""frame_id"":""""}",1,0,"{""name"":""rect"",""x"":495,""y"":111,""width"":495,""height"":521}","{""name"":""Monika"",""pose"":""frontal""}"
Trang_51.jpg,208288,"{""series"":"""",""frame_id"":""""}",1,0,"{""name"":""rect"",""x"":489,""y"":122,""width"":482,""height"":508}","{""name"":""Monika"",""pose"":""frontal""}"
Trang_50.jpg,242939,"{""series"":"""",""frame_id"":""""}",1,0,"{""name"":""rect"",""x"":344,""y"":104,""width"":407,""height"":385}","{""name"":""Trang"",""pose"":""frontal""}"
Trang_49.jpg,243896,"{""series"":"""",""frame_id"":""""}",1,0,"{""name"":""rect"",""x"":365,""y"":105,""width"":345,""height"":338}","{""name"":""Trang"",""pose"":""frontal""}"
Trang_48.jpg,245076,"{""series"":"""",""frame_id"":""""}",1,0,"{""name"":""rect"",""x"":398,""y"":111,""width"":312,""height"":344}","{""name"":""Trang"",""pose"":""frontal""}"
Trang_47.jpg,245153,"{""series"":"""",""frame_id"":""""}",1,0,"{""name"":""rect"",""x"":374,""y"":103,""width"":342,""height"":354}","{""name"":""Trang"",""pose"":""frontal""}"
Trang_46.jpg,242420,"{""series"":"""",""frame_id"":""""}",1,0,"{""name"":""rect"",""x"":388,""y"":107,""width"":311,""height"":357}","{""name"":""Trang"",""pose"":""frontal""}"
Trang_45.jpg,243305,"{""series"":"""",""frame_id"":""""}",1,0,"{""name"":""rect"",""x"":386,""y"":109,""width"":338,""height"":345}","{""name"":""Trang"",""pose"":""frontal""}"
Trang_44.jpg,244132,"{""series"":"""",""frame_id"":""""}",1,0,"{""name"":""rect"",""x"":392,""y"":108,""width"":336,""height"":348}","{""name"":""Trang"",""pose"":""frontal""}"
Trang_43.jpg,243937,"{""series"":"""",""frame_id"":""""}",1,0,"{""name"":""rect"",""x"":390,""y"":95,""width"":332,""height"":366}","{""name"":""Trang"",""pose"":""frontal""}"
Trang_42.jpg,244734,"{""series"":"""",""frame_id"":""""}",1,0,"{""name"":""rect"",""x"":395,""y"":113,""width"":312,""height"":321}","{""name"":""Trang"",""pose"":""frontal""}"
Trang_41.jpg,245678,"{""series"":"""",""frame_id"":""""}",1,0,"{""name"":""rect"",""x"":370,""y"":111,""width"":349,""height"":336}","{""name"":""Trang"",""pose"":""frontal""}"
Trang_40.jpg,246121,"{""series"":"""",""frame_id"":""""}",1,0,"{""name"":""rect"",""x"":396,""y"":91,""width"":320,""height"":387}","{""name"":""Trang"",""pose"":""frontal""}"
Trang_39.jpg,239053,"{""series"":"""",""frame_id"":""""}",1,0,"{""name"":""rect"",""x"":334,""y"":101,""width"":399,""height"":367}","{""name"":""Trang"",""pose"":""frontal""}"
Trang_38.jpg,239129,"{""series"":"""",""frame_id"":""""}",1,0,"{""name"":""rect"",""x"":370,""y"":87,""width"":345,""height"":369}","{""name"":""Trang"",""pose"":""frontal""}"
Trang_37.jpg,238740,"{""series"":"""",""frame_id"":""""}",1,0,"{""name"":""rect"",""x"":370,""y"":104,""width"":340,""height"":356}","{""name"":""Trang"",""pose"":""frontal""}"
Trang_36.jpg,238113,"{""series"":"""",""frame_id"":""""}",1,0,"{""name"":""rect"",""x"":357,""y"":93,""width"":362,""height"":375}","{""name"":""Trang"",""pose"":""frontal""}"
Trang_35.jpg,238539,"{""series"":"""",""frame_id"":""""}",1,0,"{""name"":""rect"",""x"":365,""y"":87,""width"":345,""height"":398}","{""name"":""Trang"",""pose"":""frontal""}"
Trang_34.jpg,239639,"{""series"":"""",""frame_id"":""""}",1,0,"{""name"":""rect"",""x"":346,""y"":86,""width"":370,""height"":398}","{""name"":""Trang"",""pose"":""frontal""}"
Trang_33.jpg,241706,"{""series"":"""",""frame_id"":""""}",1,0,"{""name"":""rect"",""x"":369,""y"":86,""width"":356,""height"":382}","{""name"":""Trang"",""pose"":""frontal""}"
Trang_32.jpg,244080,"{""series"":"""",""frame_id"":""""}",1,0,"{""name"":""rect"",""x"":331,""y"":87,""width"":399,""height"":382}","{""name"":""Trang"",""pose"":""frontal""}"
Trang_31.jpg,247054,"{""series"":"""",""frame_id"":""""}",1,0,"{""name"":""rect"",""x"":360,""y"":92,""width"":350,""height"":361}","{""name"":""Trang"",""pose"":""frontal""}"
Trang_30.jpg,238501,"{""series"":"""",""frame_id"":""""}",1,0,"{""name"":""rect"",""x"":332,""y"":99,""width"":411,""height"":365}","{""name"":""Trang"",""pose"":""frontal""}"
Trang_29.jpg,237965,"{""series"":"""",""frame_id"":""""}",1,0,"{""name"":""rect"",""x"":325,""y"":84,""width"":382,""height"":408}","{""name"":""Trang"",""pose"":""frontal""}"
Trang_28.jpg,237891,"{""series"":"""",""frame_id"":""""}",1,0,"{""name"":""rect"",""x"":365,""y"":100,""width"":334,""height"":356}","{""name"":""Trang"",""pose"":""frontal""}"
Trang_27.jpg,237222,"{""series"":"""",""frame_id"":""""}",1,0,"{""name"":""rect"",""x"":346,""y"":92,""width"":338,""height"":374}","{""name"":""Trang"",""pose"":""frontal""}"
Trang_26.jpg,237180,"{""series"":"""",""frame_id"":""""}",1,0,"{""name"":""rect"",""x"":332,""y"":87,""width"":361,""height"":387}","{""name"":""Trang"",""pose"":""frontal""}"
Trang_25.jpg,237578,"{""series"":"""",""frame_id"":""""}",1,0,"{""name"":""rect"",""x"":350,""y"":95,""width"":361,""height"":373}","{""name"":""Trang"",""pose"":""frontal""}"
Trang_24.jpg,237323,"{""series"":"""",""frame_id"":""""}",1,0,"{""name"":""rect"",""x"":354,""y"":88,""width"":338,""height"":373}","{""name"":""Trang"",""pose"":""frontal""}"
Trang_23.jpg,239408,"{""series"":"""",""frame_id"":""""}",1,0,"{""name"":""rect"",""x"":362,""y"":95,""width"":320,""height"":383}","{""name"":""Trang"",""pose"":""frontal""}"
Trang_22.jpg,240521,"{""series"":"""",""frame_id"":""""}",1,0,"{""name"":""rect"",""x"":345,""y"":88,""width"":354,""height"":429}","{""name"":""Trang"",""pose"":""frontal""}"
Trang_21.jpg,243833,"{""series"":"""",""frame_id"":""""}",1,0,"{""name"":""rect"",""x"":341,""y"":97,""width"":369,""height"":392}","{""name"":""Trang"",""pose"":""frontal""}"
Trang_20.jpg,246295,"{""series"":"""",""frame_id"":""""}",1,0,"{""name"":""rect"",""x"":354,""y"":86,""width"":328,""height"":411}","{""name"":""Trang"",""pose"":""frontal""}"
Trang_19.jpg,235242,"{""series"":"""",""frame_id"":""""}",1,0,"{""name"":""rect"",""x"":336,""y"":70,""width"":369,""height"":428}","{""name"":""Trang"",""pose"":""frontal""}"
Trang_18.jpg,235406,"{""series"":"""",""frame_id"":""""}",1,0,"{""name"":""rect"",""x"":346,""y"":101,""width"":363,""height"":412}","{""name"":""Trang"",""pose"":""frontal""}"
Trang_17.jpg,236167,"{""series"":"""",""frame_id"":""""}",1,0,"{""name"":""rect"",""x"":341,""y"":70,""width"":361,""height"":429}","{""name"":""Trang"",""pose"":""frontal""}"
Trang_16.jpg,236961,"{""series"":"""",""frame_id"":""""}",1,0,"{""name"":""rect"",""x"":344,""y"":91,""width"":362,""height"":407}","{""name"":""Trang"",""pose"":""frontal""}"
Trang_15.jpg,237396,"{""series"":"""",""frame_id"":""""}",1,0,"{""name"":""rect"",""x"":332,""y"":99,""width"":382,""height"":400}","{""name"":""Trang"",""pose"":""frontal""}"
Trang_14.jpg,237911,"{""series"":"""",""frame_id"":""""}",1,0,"{""name"":""rect"",""x"":356,""y"":79,""width"":329,""height"":394}","{""name"":""Trang"",""pose"":""frontal""}"
Trang_13.jpg,238840,"{""series"":"""",""frame_id"":""""}",1,0,"{""name"":""rect"",""x"":348,""y"":84,""width"":358,""height"":371}","{""name"":""Trang"",""pose"":""frontal""}"
Trang_12.jpg,240465,"{""series"":"""",""frame_id"":""""}",1,0,"{""name"":""rect"",""x"":352,""y"":83,""width"":345,""height"":424}","{""name"":""Trang"",""pose"":""frontal""}"
Trang_11.jpg,241035,"{""series"":"""",""frame_id"":""""}",1,0,"{""name"":""rect"",""x"":363,""y"":74,""width"":325,""height"":402}","{""name"":""Trang"",""pose"":""frontal""}"
Trang_10.jpg,241158,"{""series"":"""",""frame_id"":""""}",1,0,"{""name"":""rect"",""x"":358,""y"":76,""width"":369,""height"":394}","{""name"":""Trang"",""pose"":""frontal""}"
Trang_9.jpg,241999,"{""series"":"""",""frame_id"":""""}",1,0,"{""name"":""rect"",""x"":362,""y"":70,""width"":340,""height"":417}","{""name"":""Trang"",""pose"":""frontal""}"
Trang_8.jpg,242189,"{""series"":"""",""frame_id"":""""}",1,0,"{""name"":""rect"",""x"":334,""y"":41,""width"":395,""height"":448}","{""name"":""Trang"",""pose"":""frontal""}"
Trang_7.jpg,241454,"{""series"":"""",""frame_id"":""""}",1,0,"{""name"":""rect"",""x"":354,""y"":53,""width"":394,""height"":425}","{""name"":""Trang"",""pose"":""frontal""}"
Trang_6.jpg,241571,"{""series"":"""",""frame_id"":""""}",1,0,"{""name"":""rect"",""x"":303,""y"":47,""width"":421,""height"":428}","{""name"":""Trang"",""pose"":""frontal""}"
Trang_5.jpg,241768,"{""series"":"""",""frame_id"":""""}",1,0,"{""name"":""rect"",""x"":312,""y"":12,""width"":437,""height"":474}","{""name"":""Trang"",""pose"":""frontal""}"
Trang_4.jpg,241093,"{""series"":"""",""frame_id"":""""}",1,0,"{""name"":""rect"",""x"":315,""y"":32,""width"":428,""height"":466}","{""name"":""Trang"",""pose"":""frontal""}"
Trang_3.jpg,241853,"{""series"":"""",""frame_id"":""""}",1,0,"{""name"":""rect"",""x"":344,""y"":40,""width"":387,""height"":460}","{""name"":""Trang"",""pose"":""frontal""}"
Trang_2.jpg,242736,"{""series"":"""",""frame_id"":""""}",1,0,"{""name"":""rect"",""x"":291,""y"":7,""width"":460,""height"":498}","{""name"":""Trang"",""pose"":""frontal""}"
Trang_1.jpg,242033,"{""series"":"""",""frame_id"":""""}",1,0,"{""name"":""rect"",""x"":323,""y"":21,""width"":431,""height"":481}","{""name"":""Trang"",""pose"":""frontal""}"
Trang_150.jpg,236739,"{""series"":"""",""frame_id"":""""}",1,0,"{""name"":""rect"",""x"":291,""y"":163,""width"":413,""height"":439}","{""name"":""Trang"",""pose"":""frontal""}"
Trang_149.jpg,238048,"{""series"":"""",""frame_id"":""""}",1,0,"{""name"":""rect"",""x"":286,""y"":158,""width"":444,""height"":457}","{""name"":""Trang"",""pose"":""frontal""}"
Trang_148.jpg,238491,"{""series"":"""",""frame_id"":""""}",1,0,"{""name"":""rect"",""x"":255,""y"":125,""width"":460,""height"":473}","{""name"":""Trang"",""pose"":""frontal""}"
Trang_147.jpg,238769,"{""series"":"""",""frame_id"":""""}",1,0,"{""name"":""rect"",""x"":274,""y"":117,""width"":469,""height"":519}","{""name"":""Trang"",""pose"":""frontal""}"
Trang_146.jpg,238918,"{""series"":"""",""frame_id"":""""}",1,0,"{""name"":""rect"",""x"":269,""y"":133,""width"":462,""height"":514}","{""name"":""Trang"",""pose"":""frontal""}"
Trang_145.jpg,238570,"{""series"":"""",""frame_id"":""""}",1,0,"{""name"":""rect"",""x"":320,""y"":145,""width"":431,""height"":504}","{""name"":""Trang"",""pose"":""frontal""}"
Trang_144.jpg,238562,"{""series"":"""",""frame_id"":""""}",1,0,"{""name"":""rect"",""x"":283,""y"":104,""width"":467,""height"":550}","{""name"":""Trang"",""pose"":""frontal""}"
Trang_143.jpg,237479,"{""series"":"""",""frame_id"":""""}",1,0,"{""name"":""rect"",""x"":320,""y"":126,""width"":462,""height"":516}","{""name"":""Trang"",""pose"":""frontal""}"
Trang_142.jpg,235657,"{""series"":"""",""frame_id"":""""}",1,0,"{""name"":""rect"",""x"":308,""y"":145,""width"":489,""height"":525}","{""name"":""Trang"",""pose"":""frontal""}"
Trang_141.jpg,229998,"{""series"":"""",""frame_id"":""""}",1,0,"{""name"":""rect"",""x"":346,""y"":121,""width"":436,""height"":535}","{""name"":""Trang"",""pose"":""frontal""}"
Trang_140.jpg,221666,"{""series"":"""",""frame_id"":""""}",1,0,"{""name"":""rect"",""x"":367,""y"":130,""width"":413,""height"":512}","{""name"":""Trang"",""pose"":""frontal""}"
Trang_139.jpg,225534,"{""series"":"""",""frame_id"":""""}",1,0,"{""name"":""rect"",""x"":320,""y"":103,""width"":481,""height"":547}","{""name"":""Trang"",""pose"":""frontal""}"
Trang_138.jpg,243589,"{""series"":"""",""frame_id"":""""}",1,0,"{""name"":""rect"",""x"":349,""y"":116,""width"":404,""height"":502}","{""name"":""Trang"",""pose"":""frontal""}"
Trang_137.jpg,248418,"{""series"":"""",""frame_id"":""""}",1,0,"{""name"":""rect"",""x"":316,""y"":132,""width"":471,""height"":520}","{""name"":""Trang"",""pose"":""frontal""}"
Trang_136.jpg,251730,"{""series"":"""",""frame_id"":""""}",1,0,"{""name"":""rect"",""x"":302,""y"":130,""width"":439,""height"":500}","{""name"":""Trang"",""pose"":""frontal""}"
Trang_135.jpg,255070,"{""series"":"""",""frame_id"":""""}",1,0,"{""name"":""rect"",""x"":331,""y"":125,""width"":407,""height"":510}","{""name"":""Trang"",""pose"":""frontal""}"
Trang_134.jpg,247989,"{""series"":"""",""frame_id"":""""}",1,0,"{""name"":""rect"",""x"":296,""y"":104,""width"":450,""height"":547}","{""name"":""Trang"",""pose"":""frontal""}"
Trang_133.jpg,247929,"{""series"":"""",""frame_id"":""""}",1,0,"{""name"":""rect"",""x"":278,""y"":138,""width"":467,""height"":482}","{""name"":""Trang"",""pose"":""frontal""}"
Trang_132.jpg,244981,"{""series"":"""",""frame_id"":""""}",1,0,"{""name"":""rect"",""x"":306,""y"":142,""width"":431,""height"":512}","{""name"":""Trang"",""pose"":""frontal""}"
Trang_131.jpg,242571,"{""series"":"""",""frame_id"":""""}",1,0,"{""name"":""rect"",""x"":317,""y"":120,""width"":420,""height"":490}","{""name"":""Trang"",""pose"":""frontal""}"
Trang_130.jpg,225873,"{""series"":"""",""frame_id"":""""}",1,0,"{""name"":""rect"",""x"":291,""y"":163,""width"":470,""height"":462}","{""name"":""Trang"",""pose"":""frontal""}"
Trang_129.jpg,224824,"{""series"":"""",""frame_id"":""""}",1,0,"{""name"":""rect"",""x"":286,""y"":117,""width"":495,""height"":537}","{""name"":""Trang"",""pose"":""frontal""}"
Trang_128.jpg,224776,"{""series"":"""",""frame_id"":""""}",1,0,"{""name"":""rect"",""x"":277,""y"":137,""width"":485,""height"":491}","{""name"":""Trang"",""pose"":""frontal""}"
Trang_127.jpg,225181,"{""series"":"""",""frame_id"":""""}",1,0,"{""name"":""rect"",""x"":302,""y"":120,""width"":456,""height"":523}","{""name"":""Trang"",""pose"":""frontal""}"
Trang_126.jpg,225806,"{""series"":"""",""frame_id"":""""}",1,0,"{""name"":""rect"",""x"":279,""y"":122,""width"":518,""height"":544}","{""name"":""Trang"",""pose"":""frontal""}"
Trang_125.jpg,225457,"{""series"":"""",""frame_id"":""""}",1,0,"{""name"":""rect"",""x"":304,""y"":154,""width"":450,""height"":481}","{""name"":""Trang"",""pose"":""frontal""}"
Trang_124.jpg,224519,"{""series"":"""",""frame_id"":""""}",1,0,"{""name"":""rect"",""x"":309,""y"":155,""width"":456,""height"":499}","{""name"":""Trang"",""pose"":""frontal""}"
Trang_123.jpg,221919,"{""series"":"""",""frame_id"":""""}",1,0,"{""name"":""rect"",""x"":298,""y"":162,""width"":464,""height"":475}","{""name"":""Trang"",""pose"":""frontal""}"
Trang_122.jpg,215012,"{""series"":"""",""frame_id"":""""}",1,0,"{""name"":""rect"",""x"":304,""y"":157,""width"":457,""height"":481}","{""name"":""Trang"",""pose"":""frontal""}"
Trang_121.jpg,212466,"{""series"":"""",""frame_id"":""""}",1,0,"{""name"":""rect"",""x"":284,""y"":153,""width"":437,""height"":489}","{""name"":""Trang"",""pose"":""frontal""}"
Trang_120.jpg,233065,"{""series"":"""",""frame_id"":""""}",1,0,"{""name"":""rect"",""x"":274,""y"":146,""width"":436,""height"":479}","{""name"":""Trang"",""pose"":""frontal""}"
Trang_119.jpg,233447,"{""series"":"""",""frame_id"":""""}",1,0,"{""name"":""rect"",""x"":277,""y"":126,""width"":413,""height"":541}","{""name"":""Trang"",""pose"":""frontal""}"
Trang_118.jpg,233101,"{""series"":"""",""frame_id"":""""}",1,0,"{""name"":""rect"",""x"":267,""y"":140,""width"":419,""height"":527}","{""name"":""Trang"",""pose"":""frontal""}"
Trang_117.jpg,234762,"{""series"":"""",""frame_id"":""""}",1,0,"{""name"":""rect"",""x"":267,""y"":147,""width"":449,""height"":499}","{""name"":""Trang"",""pose"":""frontal""}"
Trang_116.jpg,235538,"{""series"":"""",""frame_id"":""""}",1,0,"{""name"":""rect"",""x"":267,""y"":153,""width"":429,""height"":432}","{""name"":""Trang"",""pose"":""frontal""}"
Trang_115.jpg,237113,"{""series"":"""",""frame_id"":""""}",1,0,"{""name"":""rect"",""x"":313,""y"":162,""width"":381,""height"":427}","{""name"":""Trang"",""pose"":""frontal""}"
Trang_114.jpg,237938,"{""series"":"""",""frame_id"":""""}",1,0,"{""name"":""rect"",""x"":282,""y"":111,""width"":427,""height"":474}","{""name"":""Trang"",""pose"":""frontal""}"
Trang_113.jpg,238786,"{""series"":"""",""frame_id"":""""}",1,0,"{""name"":""rect"",""x"":302,""y"":134,""width"":433,""height"":502}","{""name"":""Trang"",""pose"":""frontal""}"
Trang_112.jpg,237737,"{""series"":"""",""frame_id"":""""}",1,0,"{""name"":""rect"",""x"":298,""y"":130,""width"":453,""height"":515}","{""name"":""Trang"",""pose"":""frontal""}"
Trang_111.jpg,237819,"{""series"":"""",""frame_id"":""""}",1,0,"{""name"":""rect"",""x"":287,""y"":101,""width"":475,""height"":523}","{""name"":""Trang"",""pose"":""frontal""}"
Trang_110.jpg,235928,"{""series"":"""",""frame_id"":""""}",1,0,"{""name"":""rect"",""x"":282,""y"":104,""width"":479,""height"":527}","{""name"":""Trang"",""pose"":""frontal""}"
Trang_109.jpg,234631,"{""series"":"""",""frame_id"":""""}",1,0,"{""name"":""rect"",""x"":302,""y"":97,""width"":456,""height"":533}","{""name"":""Trang"",""pose"":""frontal""}"
Trang_108.jpg,233235,"{""series"":"""",""frame_id"":""""}",1,0,"{""name"":""rect"",""x"":340,""y"":115,""width"":439,""height"":483}","{""name"":""Trang"",""pose"":""frontal""}"
Trang_107.jpg,232728,"{""series"":"""",""frame_id"":""""}",1,0,"{""name"":""rect"",""x"":316,""y"":86,""width"":416,""height"":510}","{""name"":""Trang"",""pose"":""frontal""}"
Trang_106.jpg,232144,"{""series"":"""",""frame_id"":""""}",1,0,"{""name"":""rect"",""x"":294,""y"":93,""width"":477,""height"":485}","{""name"":""Trang"",""pose"":""frontal""}"
Trang_105.jpg,231837,"{""series"":"""",""frame_id"":""""}",1,0,"{""name"":""rect"",""x"":316,""y"":112,""width"":458,""height"":465}","{""name"":""Trang"",""pose"":""frontal""}"
Trang_104.jpg,232406,"{""series"":"""",""frame_id"":""""}",1,0,"{""name"":""rect"",""x"":316,""y"":108,""width"":473,""height"":512}","{""name"":""Trang"",""pose"":""frontal""}"
Trang_103.jpg,233834,"{""series"":"""",""frame_id"":""""}",1,0,"{""name"":""rect"",""x"":329,""y"":108,""width"":429,""height"":503}","{""name"":""Trang"",""pose"":""frontal""}"
Trang_102.jpg,233731,"{""series"":"""",""frame_id"":""""}",1,0,"{""name"":""rect"",""x"":302,""y"":79,""width"":456,""height"":595}","{""name"":""Trang"",""pose"":""frontal""}"
Trang_101.jpg,233991,"{""series"":"""",""frame_id"":""""}",1,0,"{""name"":""rect"",""x"":315,""y"":103,""width"":440,""height"":495}","{""name"":""Trang"",""pose"":""frontal""}"
Monika_101.jpg,206817,"{""series"":"""",""frame_id"":""""}",1,0,"{""name"":""rect"",""x"":546,""y"":122,""width"":360,""height"":398}","{""name"":""Monika"",""pose"":""frontal""}"
Monika_102.jpg,206250,"{""series"":"""",""frame_id"":""""}",1,0,"{""name"":""rect"",""x"":464,""y"":92,""width"":542,""height"":501}","{""name"":""Monika"",""pose"":""frontal""}"
Monika_103.jpg,202978,"{""series"":"""",""frame_id"":""""}",1,0,"{""name"":""rect"",""x"":473,""y"":90,""width"":427,""height"":405}","{""name"":""Monika"",""pose"":""frontal""}"
Monika_104.jpg,206537,"{""series"":"""",""frame_id"":""""}",1,0,"{""name"":""rect"",""x"":481,""y"":152,""width"":534,""height"":417}","{""name"":""Monika"",""pose"":""frontal""}"
Monika_105.jpg,205631,"{""series"":"""",""frame_id"":""""}",1,0,"{""name"":""rect"",""x"":557,""y"":139,""width"":341,""height"":329}","{""name"":""Monika"",""pose"":""frontal""}"
Monika_106.jpg,203385,"{""series"":"""",""frame_id"":""""}",1,0,"{""name"":""rect"",""x"":524,""y"":164,""width"":357,""height"":337}","{""name"":""Monika"",""pose"":""frontal""}"
Monika_107.jpg,204367,"{""series"":"""",""frame_id"":""""}",1,0,"{""name"":""rect"",""x"":553,""y"":131,""width"":321,""height"":335}","{""name"":""Monika"",""pose"":""frontal""}"
Monika_108.jpg,204797,"{""series"":"""",""frame_id"":""""}",1,0,"{""name"":""rect"",""x"":530,""y"":131,""width"":363,""height"":362}","{""name"":""Monika"",""pose"":""frontal""}"
Monika_109.jpg,202598,"{""series"":"""",""frame_id"":""""}",1,0,"{""name"":""rect"",""x"":524,""y"":114,""width"":464,""height"":438}","{""name"":""Monika"",""pose"":""frontal""}"
Monika_110.jpg,201540,"{""series"":"""",""frame_id"":""""}",1,0,"{""name"":""rect"",""x"":468,""y"":141,""width"":404,""height"":367}","{""name"":""Monika"",""pose"":""frontal""}"
Monika_111.jpg,193465,"{""series"":"""",""frame_id"":""""}",1,0,"{""name"":""rect"",""x"":514,""y"":142,""width"":388,""height"":452}","{""name"":""Monika"",""pose"":""frontal""}"
Monika_112.jpg,204508,"{""series"":"""",""frame_id"":""""}",1,0,"{""name"":""rect"",""x"":528,""y"":148,""width"":340,""height"":327}","{""name"":""Monika"",""pose"":""frontal""}"
Monika_113.jpg,202720,"{""series"":"""",""frame_id"":""""}",1,0,"{""name"":""rect"",""x"":509,""y"":140,""width"":360,""height"":390}","{""name"":""Monika"",""pose"":""frontal""}"
Monika_114.jpg,204636,"{""series"":"""",""frame_id"":""""}",1,0,"{""name"":""rect"",""x"":520,""y"":152,""width"":322,""height"":367}","{""name"":""Monika"",""pose"":""frontal""}"
Monika_115.jpg,206741,"{""series"":"""",""frame_id"":""""}",1,0,"{""name"":""rect"",""x"":521,""y"":112,""width"":410,""height"":378}","{""name"":""Monika"",""pose"":""frontal""}"
Monika_116.jpg,206805,"{""series"":"""",""frame_id"":""""}",1,0,"{""name"":""rect"",""x"":539,""y"":138,""width"":348,""height"":389}","{""name"":""Monika"",""pose"":""frontal""}"
Monika_117.jpg,204318,"{""series"":"""",""frame_id"":""""}",1,0,"{""name"":""rect"",""x"":473,""y"":146,""width"":494,""height"":406}","{""name"":""Monika"",""pose"":""frontal""}"
Monika_119.jpg,205879,"{""series"":"""",""frame_id"":""""}",1,0,"{""name"":""rect"",""x"":482,""y"":109,""width"":456,""height"":447}","{""name"":""Monika"",""pose"":""frontal""}"
Monika_120.jpg,197518,"{""series"":"""",""frame_id"":""""}",1,0,"{""name"":""rect"",""x"":490,""y"":111,""width"":425,""height"":490}","{""name"":""Monika"",""pose"":""frontal""}"
Monika_121.jpg,203373,"{""series"":"""",""frame_id"":""""}",1,0,"{""name"":""rect"",""x"":508,""y"":120,""width"":405,""height"":381}","{""name"":""Monika"",""pose"":""frontal""}"
Monika_122.jpg,205709,"{""series"":"""",""frame_id"":""""}",1,0,"{""name"":""rect"",""x"":525,""y"":137,""width"":399,""height"":379}","{""name"":""Monika"",""pose"":""frontal""}"
Monika_123.jpg,204196,"{""series"":"""",""frame_id"":""""}",1,0,"{""name"":""rect"",""x"":486,""y"":110,""width"":420,""height"":405}","{""name"":""Monika"",""pose"":""frontal""}"
Monika_124.jpg,203808,"{""series"":"""",""frame_id"":""""}",1,0,"{""name"":""rect"",""x"":509,""y"":152,""width"":398,""height"":405}","{""name"":""Monika"",""pose"":""frontal""}"
Monika_125.jpg,203609,"{""series"":"""",""frame_id"":""""}",1,0,"{""name"":""rect"",""x"":550,""y"":147,""width"":328,""height"":319}","{""name"":""Monika"",""pose"":""frontal""}"
Monika_126.jpg,204582,"{""series"":"""",""frame_id"":""""}",1,0,"{""name"":""rect"",""x"":542,""y"":103,""width"":344,""height"":373}","{""name"":""Monika"",""pose"":""frontal""}"
Monika_127.jpg,205397,"{""series"":"""",""frame_id"":""""}",1,0,"{""name"":""rect"",""x"":540,""y"":157,""width"":358,""height"":270}","{""name"":""Monika"",""pose"":""frontal""}"
Monika_128.jpg,206075,"{""series"":"""",""frame_id"":""""}",1,0,"{""name"":""rect"",""x"":536,""y"":130,""width"":319,""height"":388}","{""name"":""Monika"",""pose"":""frontal""}"
Monika_129.jpg,204416,"{""series"":"""",""frame_id"":""""}",1,0,"{""name"":""rect"",""x"":508,""y"":123,""width"":400,""height"":373}","{""name"":""Monika"",""pose"":""frontal""}"
Monika_130.jpg,205988,"{""series"":"""",""frame_id"":""""}",1,0,"{""name"":""rect"",""x"":521,""y"":62,""width"":347,""height"":440}","{""name"":""Monika"",""pose"":""frontal""}"
Monika_131.jpg,206315,"{""series"":"""",""frame_id"":""""}",1,0,"{""name"":""rect"",""x"":533,""y"":139,""width"":388,""height"":338}","{""name"":""Monika"",""pose"":""frontal""}"
Monika_132.jpg,205822,"{""series"":"""",""frame_id"":""""}",1,0,"{""name"":""rect"",""x"":556,""y"":139,""width"":340,""height"":365}","{""name"":""Monika"",""pose"":""frontal""}"
Monika_133.jpg,205812,"{""series"":"""",""frame_id"":""""}",1,0,"{""name"":""rect"",""x"":493,""y"":110,""width"":384,""height"":374}","{""name"":""Monika"",""pose"":""frontal""}"
Monika_134.jpg,185423,"{""series"":"""",""frame_id"":""""}",1,0,"{""name"":""rect"",""x"":535,""y"":136,""width"":390,""height"":475}","{""name"":""Monika"",""pose"":""frontal""}"
Monika_135.jpg,205775,"{""series"":"""",""frame_id"":""""}",1,0,"{""name"":""rect"",""x"":525,""y"":109,""width"":362,""height"":420}","{""name"":""Monika"",""pose"":""frontal""}"
Monika_136.jpg,204900,"{""series"":"""",""frame_id"":""""}",1,0,"{""name"":""rect"",""x"":544,""y"":150,""width"":449,""height"":336}","{""name"":""Monika"",""pose"":""frontal""}"
Monika_137.jpg,205668,"{""series"":"""",""frame_id"":""""}",1,0,"{""name"":""rect"",""x"":576,""y"":135,""width"":326,""height"":382}","{""name"":""Monika"",""pose"":""frontal""}"
Monika_138.jpg,204886,"{""series"":"""",""frame_id"":""""}",1,0,"{""name"":""rect"",""x"":514,""y"":144,""width"":409,""height"":371}","{""name"":""Monika"",""pose"":""frontal""}"
Monika_139.jpg,203748,"{""series"":"""",""frame_id"":""""}",1,0,"{""name"":""rect"",""x"":499,""y"":129,""width"":432,""height"":393}","{""name"":""Monika"",""pose"":""frontal""}"
Monika_140.jpg,205795,"{""series"":"""",""frame_id"":""""}",1,0,"{""name"":""rect"",""x"":475,""y"":144,""width"":451,""height"":377}","{""name"":""Monika"",""pose"":""frontal""}"
Monika_141.jpg,203747,"{""series"":"""",""frame_id"":""""}",1,0,"{""name"":""rect"",""x"":534,""y"":126,""width"":360,""height"":356}","{""name"":""Monika"",""pose"":""frontal""}"
Monika_142.jpg,203038,"{""series"":"""",""frame_id"":""""}",1,0,"{""name"":""rect"",""x"":552,""y"":121,""width"":356,""height"":353}","{""name"":""Monika"",""pose"":""frontal""}"
Monika_143.jpg,204662,"{""series"":"""",""frame_id"":""""}",1,0,"{""name"":""rect"",""x"":443,""y"":136,""width"":461,""height"":384}","{""name"":""Monika"",""pose"":""frontal""}"
Monika_144.jpg,206059,"{""series"":"""",""frame_id"":""""}",1,0,"{""name"":""rect"",""x"":516,""y"":133,""width"":378,""height"":390}","{""name"":""Monika"",""pose"":""frontal""}"
Monika_145.jpg,206085,"{""series"":"""",""frame_id"":""""}",1,0,"{""name"":""rect"",""x"":508,""y"":155,""width"":418,""height"":344}","{""name"":""Monika"",""pose"":""frontal""}"
Monika_146.jpg,188406,"{""series"":"""",""frame_id"":""""}",1,0,"{""name"":""rect"",""x"":494,""y"":120,""width"":410,""height"":479}","{""name"":""Monika"",""pose"":""frontal""}"
Monika_147.jpg,204695,"{""series"":"""",""frame_id"":""""}",1,0,"{""name"":""rect"",""x"":538,""y"":159,""width"":335,""height"":340}","{""name"":""Monika"",""pose"":""frontal""}"
Monika_148.jpg,206574,"{""series"":"""",""frame_id"":""""}",1,0,"{""name"":""rect"",""x"":453,""y"":140,""width"":490,""height"":386}","{""name"":""Monika"",""pose"":""frontal""}"
Monika_149.jpg,204784,"{""series"":"""",""frame_id"":""""}",1,0,"{""name"":""rect"",""x"":542,""y"":109,""width"":335,""height"":404}","{""name"":""Monika"",""pose"":""frontal""}"
Monika_150.jpg,202829,"{""series"":"""",""frame_id"":""""}",1,0,"{""name"":""rect"",""x"":533,""y"":139,""width"":397,""height"":412}","{""name"":""Monika"",""pose"":""frontal""}"
Monika_151.jpg,203676,"{""series"":"""",""frame_id"":""""}",1,0,"{""name"":""rect"",""x"":543,""y"":171,""width"":407,""height"":386}","{""name"":""Monika"",""pose"":""frontal""}"
Monika_152.jpg,204861,"{""series"":"""",""frame_id"":""""}",1,0,"{""name"":""rect"",""x"":565,""y"":122,""width"":330,""height"":386}","{""name"":""Monika"",""pose"":""frontal""}"
Monika_153.jpg,204554,"{""series"":"""",""frame_id"":""""}",1,0,"{""name"":""rect"",""x"":526,""y"":148,""width"":426,""height"":371}","{""name"":""Monika"",""pose"":""frontal""}"
Monika_154.jpg,203261,"{""series"":"""",""frame_id"":""""}",1,0,"{""name"":""rect"",""x"":548,""y"":157,""width"":391,""height"":370}","{""name"":""Monika"",""pose"":""frontal""}"
Monika_155.jpg,208229,"{""series"":"""",""frame_id"":""""}",1,0,"{""name"":""rect"",""x"":492,""y"":164,""width"":420,""height"":365}","{""name"":""Monika"",""pose"":""frontal""}"
Monika_156.jpg,205149,"{""series"":"""",""frame_id"":""""}",1,0,"{""name"":""rect"",""x"":527,""y"":155,""width"":414,""height"":389}","{""name"":""Monika"",""pose"":""frontal""}"
Monika_157.jpg,202608,"{""series"":"""",""frame_id"":""""}",1,0,"{""name"":""rect"",""x"":443,""y"":123,""width"":488,""height"":424}","{""name"":""Monika"",""pose"":""frontal""}"
Monika_158.jpg,203099,"{""series"":"""",""frame_id"":""""}",1,0,"{""name"":""rect"",""x"":498,""y"":129,""width"":410,""height"":412}","{""name"":""Monika"",""pose"":""frontal""}"
Monika_159.jpg,202499,"{""series"":"""",""frame_id"":""""}",1,0,"{""name"":""rect"",""x"":528,""y"":123,""width"":446,""height"":406}","{""name"":""Monika"",""pose"":""frontal""}"
Monika_160.jpg,206383,"{""series"":"""",""frame_id"":""""}",1,0,"{""name"":""rect"",""x"":538,""y"":121,""width"":432,""height"":466}","{""name"":""Monika"",""pose"":""frontal""}"
Monika_161.jpg,207204,"{""series"":"""",""frame_id"":""""}",1,0,"{""name"":""rect"",""x"":478,""y"":107,""width"":500,""height"":526}","{""name"":""Monika"",""pose"":""frontal""}"
Monika_162.jpg,207660,"{""series"":"""",""frame_id"":""""}",1,0,"{""name"":""rect"",""x"":449,""y"":118,""width"":510,""height"":464}","{""name"":""Monika"",""pose"":""frontal""}"
Monika_163.jpg,191259,"{""series"":"""",""frame_id"":""""}",1,0,"{""name"":""rect"",""x"":504,""y"":139,""width"":423,""height"":447}","{""name"":""Monika"",""pose"":""frontal""}"
Monika_164.jpg,205481,"{""series"":"""",""frame_id"":""""}",1,0,"{""name"":""rect"",""x"":578,""y"":213,""width"":301,""height"":346}","{""name"":""Monika"",""pose"":""frontal""}"
Monika_165.jpg,210069,"{""series"":"""",""frame_id"":""""}",1,0,"{""name"":""rect"",""x"":469,""y"":145,""width"":507,""height"":426}","{""name"":""Monika"",""pose"":""frontal""}"
Monika_166.jpg,198543,"{""series"":"""",""frame_id"":""""}",1,0,"{""name"":""rect"",""x"":536,""y"":128,""width"":377,""height"":414}","{""name"":""Monika"",""pose"":""frontal""}"
Monika_167.jpg,202312,"{""series"":"""",""frame_id"":""""}",1,0,"{""name"":""rect"",""x"":533,""y"":168,""width"":310,""height"":317}","{""name"":""Monika"",""pose"":""frontal""}"
Monika_168.jpg,205563,"{""series"":"""",""frame_id"":""""}",1,0,"{""name"":""rect"",""x"":563,""y"":155,""width"":295,""height"":322}","{""name"":""Monika"",""pose"":""frontal""}"
Monika_169.jpg,202418,"{""series"":"""",""frame_id"":""""}",1,0,"{""name"":""rect"",""x"":542,""y"":190,""width"":312,""height"":294}","{""name"":""Monika"",""pose"":""frontal""}"
Monika_170.jpg,205884,"{""series"":"""",""frame_id"":""""}",1,0,"{""name"":""rect"",""x"":513,""y"":156,""width"":357,""height"":379}","{""name"":""Monika"",""pose"":""frontal""}"
Monika_171.jpg,203467,"{""series"":"""",""frame_id"":""""}",1,0,"{""name"":""rect"",""x"":535,""y"":158,""width"":338,""height"":339}","{""name"":""Monika"",""pose"":""frontal""}"
Monika_172.jpg,185949,"{""series"":"""",""frame_id"":""""}",1,0,"{""name"":""rect"",""x"":613,""y"":291,""width"":248,""height"":266}","{""name"":""Monika"",""pose"":""frontal""}"
Monika_173.jpg,193849,"{""series"":"""",""frame_id"":""""}",1,0,"{""name"":""rect"",""x"":561,""y"":285,""width"":364,""height"":310}","{""name"":""Monika"",""pose"":""frontal""}"
Monika_174.jpg,201684,"{""series"":"""",""frame_id"":""""}",1,0,"{""name"":""rect"",""x"":582,""y"":171,""width"":327,""height"":294}","{""name"":""Monika"",""pose"":""frontal""}"
Monika_175.jpg,203379,"{""series"":"""",""frame_id"":""""}",1,0,"{""name"":""rect"",""x"":595,""y"":126,""width"":305,""height"":377}","{""name"":""Monika"",""pose"":""frontal""}"
Monika_176.jpg,202286,"{""series"":"""",""frame_id"":""""}",1,0,"{""name"":""rect"",""x"":509,""y"":161,""width"":441,""height"":398}","{""name"":""Monika"",""pose"":""frontal""}"
Monika_177.jpg,203183,"{""series"":"""",""frame_id"":""""}",1,0,"{""name"":""rect"",""x"":530,""y"":127,""width"":367,""height"":404}","{""name"":""Monika"",""pose"":""frontal""}"
Monika_178.jpg,202722,"{""series"":"""",""frame_id"":""""}",1,0,"{""name"":""rect"",""x"":531,""y"":130,""width"":375,""height"":397}","{""name"":""Monika"",""pose"":""frontal""}"
Monika_179.jpg,207765,"{""series"":"""",""frame_id"":""""}",1,0,"{""name"":""rect"",""x"":553,""y"":168,""width"":377,""height"":339}","{""name"":""Monika"",""pose"":""frontal""}"
Monika_180.jpg,205525,"{""series"":"""",""frame_id"":""""}",1,0,"{""name"":""rect"",""x"":518,""y"":119,""width"":390,""height"":405}","{""name"":""Monika"",""pose"":""frontal""}"
Monika_181.jpg,202918,"{""series"":"""",""frame_id"":""""}",1,0,"{""name"":""rect"",""x"":499,""y"":142,""width"":398,""height"":401}","{""name"":""Monika"",""pose"":""frontal""}"
Monika_182.jpg,206869,"{""series"":"""",""frame_id"":""""}",1,0,"{""name"":""rect"",""x"":496,""y"":103,""width"":504,""height"":472}","{""name"":""Monika"",""pose"":""frontal""}"
Monika_183.jpg,190792,"{""series"":"""",""frame_id"":""""}",1,0,"{""name"":""rect"",""x"":508,""y"":140,""width"":371,""height"":447}","{""name"":""Monika"",""pose"":""frontal""}"
Monika_184.jpg,210501,"{""series"":"""",""frame_id"":""""}",1,0,"{""name"":""rect"",""x"":472,""y"":152,""width"":496,""height"":401}","{""name"":""Monika"",""pose"":""frontal""}"
Monika_185.jpg,207242,"{""series"":"""",""frame_id"":""""}",1,0,"{""name"":""rect"",""x"":567,""y"":138,""width"":426,""height"":420}","{""name"":""Monika"",""pose"":""frontal""}"
Monika_186.jpg,205158,"{""series"":"""",""frame_id"":""""}",1,0,"{""name"":""rect"",""x"":577,""y"":181,""width"":287,""height"":310}","{""name"":""Monika"",""pose"":""frontal""}"
Monika_187.jpg,202656,"{""series"":"""",""frame_id"":""""}",1,0,"{""name"":""rect"",""x"":569,""y"":179,""width"":294,""height"":421}","{""name"":""Monika"",""pose"":""frontal""}"
Monika_188.jpg,201803,"{""series"":"""",""frame_id"":""""}",1,0,"{""name"":""rect"",""x"":553,""y"":47,""width"":337,""height"":542}","{""name"":""Monika"",""pose"":""frontal""}"
Monika_189.jpg,204122,"{""series"":"""",""frame_id"":""""}",1,0,"{""name"":""rect"",""x"":518,""y"":114,""width"":440,""height"":488}","{""name"":""Monika"",""pose"":""frontal""}"
Monika_190.jpg,202768,"{""series"":"""",""frame_id"":""""}",1,0,"{""name"":""rect"",""x"":516,""y"":133,""width"":413,""height"":395}","{""name"":""Monika"",""pose"":""frontal""}"
Monika_191.jpg,206391,"{""series"":"""",""frame_id"":""""}",1,0,"{""name"":""rect"",""x"":544,""y"":140,""width"":337,""height"":378}","{""name"":""Monika"",""pose"":""frontal""}"
Monika_192.jpg,201931,"{""series"":"""",""frame_id"":""""}",1,0,"{""name"":""rect"",""x"":507,""y"":130,""width"":436,""height"":418}","{""name"":""Monika"",""pose"":""frontal""}"
Monika_193.jpg,202486,"{""series"":"""",""frame_id"":""""}",1,0,"{""name"":""rect"",""x"":514,""y"":126,""width"":366,""height"":427}","{""name"":""Monika"",""pose"":""frontal""}"
Monika_194.jpg,202151,"{""series"":"""",""frame_id"":""""}",1,0,"{""name"":""rect"",""x"":559,""y"":174,""width"":370,""height"":444}","{""name"":""Monika"",""pose"":""frontal""}"
Monika_195.jpg,210119,"{""series"":"""",""frame_id"":""""}",1,0,"{""name"":""rect"",""x"":518,""y"":141,""width"":446,""height"":409}","{""name"":""Monika"",""pose"":""frontal""}"
Monika_196.jpg,208819,"{""series"":"""",""frame_id"":""""}",1,0,"{""name"":""rect"",""x"":461,""y"":120,""width"":472,""height"":444}","{""name"":""Monika"",""pose"":""frontal""}"
Monika_197.jpg,205116,"{""series"":"""",""frame_id"":""""}",1,0,"{""name"":""rect"",""x"":525,""y"":135,""width"":364,""height"":432}","{""name"":""Monika"",""pose"":""frontal""}"
Monika_198.jpg,205179,"{""series"":"""",""frame_id"":""""}",1,0,"{""name"":""rect"",""x"":470,""y"":121,""width"":447,""height"":441}","{""name"":""Monika"",""pose"":""frontal""}"
Monika_199.jpg,200305,"{""series"":"""",""frame_id"":""""}",1,0,"{""name"":""rect"",""x"":537,""y"":170,""width"":379,""height"":386}","{""name"":""Monika"",""pose"":""frontal""}"
Monika_200.jpg,204246,"{""series"":"""",""frame_id"":""""}",1,0,"{""name"":""rect"",""x"":522,""y"":121,""width"":363,""height"":388}","{""name"":""Monika"",""pose"":""frontal""}"
Monika_201.jpg,202016,"{""series"":"""",""frame_id"":""""}",1,0,"{""name"":""rect"",""x"":514,""y"":153,""width"":417,""height"":381}","{""name"":""Monika"",""pose"":""frontal""}"
Other_1.jpg,32006,"{""series"":"""",""frame_id"":""""}",1,0,"{""name"":""rect"",""x"":77,""y"":43,""width"":340,""height"":313}","{""name"":""Other"",""pose"":""frontal""}"
Other_2.jpg,34684,"{""series"":"""",""frame_id"":""""}",1,0,"{""name"":""rect"",""x"":88,""y"":26,""width"":360,""height"":372}","{""name"":""Other"",""pose"":""frontal""}"
Other_3.jpg,42779,"{""series"":"""",""frame_id"":""""}",1,0,"{""name"":""rect"",""x"":60,""y"":24,""width"":393,""height"":356}","{""name"":""Other"",""pose"":""frontal""}"
Other_4.jpg,28522,"{""series"":"""",""frame_id"":""""}",1,0,"{""name"":""rect"",""x"":52,""y"":10,""width"":407,""height"":471}","{""name"":""Other"",""pose"":""frontal""}"
Other_5.jpg,37220,"{""series"":"""",""frame_id"":""""}",1,0,"{""name"":""rect"",""x"":44,""y"":19,""width"":394,""height"":465}","{""name"":""Other"",""pose"":""frontal""}"
Other_6.jpg,28874,"{""series"":"""",""frame_id"":""""}",1,0,"{""name"":""rect"",""x"":109,""y"":20,""width"":297,""height"":236}","{""name"":""Other"",""pose"":""frontal""}"
Other_7.jpg,35241,"{""series"":"""",""frame_id"":""""}",1,0,"{""name"":""rect"",""x"":42,""y"":36,""width"":412,""height"":522}","{""name"":""Other"",""pose"":""frontal""}"
Other_8.jpg,40630,"{""series"":"""",""frame_id"":""""}",1,0,"{""name"":""rect"",""x"":79,""y"":10,""width"":315,""height"":366}","{""name"":""Other"",""pose"":""frontal""}"
Other_9.jpg,48707,"{""series"":"""",""frame_id"":""""}",1,0,"{""name"":""rect"",""x"":76,""y"":14,""width"":320,""height"":441}","{""name"":""Other"",""pose"":""frontal""}"
Other_10.jpg,37485,"{""series"":"""",""frame_id"":""""}",1,0,"{""name"":""rect"",""x"":98,""y"":14,""width"":273,""height"":345}","{""name"":""Other"",""pose"":""frontal""}"
Other_11.jpg,27465,"{""series"":"""",""frame_id"":""""}",1,0,"{""name"":""rect"",""x"":13,""y"":36,""width"":362,""height"":397}","{""name"":""Other"",""pose"":""frontal""}"
Other_12.jpg,5282,"{""series"":"""",""frame_id"":""""}",1,0,"{""name"":""rect"",""x"":12,""y"":1,""width"":125,""height"":81}","{""name"":""Other"",""pose"":""frontal""}"
Other_13.jpg,44751,"{""series"":"""",""frame_id"":""""}",1,0,"{""name"":""rect"",""x"":61,""y"":112,""width"":345,""height"":283}","{""name"":""Other"",""pose"":""frontal""}"
Other_14.jpg,40398,"{""series"":"""",""frame_id"":""""}",1,0,"{""name"":""rect"",""x"":108,""y"":52,""width"":268,""height"":304}","{""name"":""Other"",""pose"":""frontal""}"
Other_15.jpg,35651,"{""series"":"""",""frame_id"":""""}",1,0,"{""name"":""rect"",""x"":118,""y"":34,""width"":254,""height"":252}","{""name"":""Other"",""pose"":""frontal""}"
Other_16.jpg,33769,"{""series"":"""",""frame_id"":""""}",1,0,"{""name"":""rect"",""x"":57,""y"":15,""width"":246,""height"":253}","{""name"":""Other"",""pose"":""frontal""}"
Other_17.jpg,30299,"{""series"":"""",""frame_id"":""""}",1,0,"{""name"":""rect"",""x"":81,""y"":12,""width"":256,""height"":355}","{""name"":""Other"",""pose"":""frontal""}"
Other_18.jpg,28436,"{""series"":"""",""frame_id"":""""}",1,0,"{""name"":""rect"",""x"":110,""y"":3,""width"":316,""height"":230}","{""name"":""Other"",""pose"":""frontal""}"
Other_19.jpg,31784,"{""series"":"""",""frame_id"":""""}",1,0,"{""name"":""rect"",""x"":97,""y"":1,""width"":287,""height"":310}","{""name"":""Other"",""pose"":""frontal""}"
Other_20.jpg,39933,"{""series"":"""",""frame_id"":""""}",1,0,"{""name"":""rect"",""x"":99,""y"":37,""width"":260,""height"":325}","{""name"":""Other"",""pose"":""frontal""}"
Other_21.jpg,33386,"{""series"":"""",""frame_id"":""""}",1,0,"{""name"":""rect"",""x"":97,""y"":39,""width"":310,""height"":303}","{""name"":""Other"",""pose"":""frontal""}"
Other_22.jpg,32772,"{""series"":"""",""frame_id"":""""}",1,0,"{""name"":""rect"",""x"":119,""y"":7,""width"":256,""height"":312}","{""name"":""Other"",""pose"":""frontal""}"
Other_23.jpg,24566,"{""series"":"""",""frame_id"":""""}",1,0,"{""name"":""rect"",""x"":57,""y"":20,""width"":367,""height"":413}","{""name"":""Other"",""pose"":""frontal""}"
Other_24.jpg,24874,"{""series"":"""",""frame_id"":""""}",1,0,"{""name"":""rect"",""x"":41,""y"":23,""width"":299,""height"":312}","{""name"":""Other"",""pose"":""frontal""}"
Other_25.jpg,28892,"{""series"":"""",""frame_id"":""""}",1,0,"{""name"":""rect"",""x"":185,""y"":47,""width"":113,""height"":162}","{""name"":""Other"",""pose"":""frontal""}"
Other_26.jpg,20739,"{""series"":"""",""frame_id"":""""}",1,0,"{""name"":""rect"",""x"":173,""y"":46,""width"":147,""height"":161}","{""name"":""Other"",""pose"":""frontal""}"
Other_27.jpg,50063,"{""series"":"""",""frame_id"":""""}",1,0,"{""name"":""rect"",""x"":127,""y"":71,""width"":209,""height"":215}","{""name"":""Other"",""pose"":""frontal""}"
Other_28.jpg,43663,"{""series"":"""",""frame_id"":""""}",1,0,"{""name"":""rect"",""x"":126,""y"":23,""width"":247,""height"":306}","{""name"":""Other"",""pose"":""frontal""}"
Other_29.jpg,36145,"{""series"":"""",""frame_id"":""""}",1,0,"{""name"":""rect"",""x"":75,""y"":115,""width"":302,""height"":327}","{""name"":""Other"",""pose"":""frontal""}"
Other_30.jpg,28699,"{""series"":"""",""frame_id"":""""}",1,0,"{""name"":""rect"",""x"":92,""y"":54,""width"":311,""height"":285}","{""name"":""Other"",""pose"":""frontal""}"
Other_31.jpg,28774,"{""series"":"""",""frame_id"":""""}",1,0,"{""name"":""rect"",""x"":146,""y"":11,""width"":185,""height"":194}","{""name"":""Other"",""pose"":""frontal""}"
Other_33.jpg,32072,"{""series"":"""",""frame_id"":""""}",1,0,"{""name"":""rect"",""x"":75,""y"":46,""width"":337,""height"":335}","{""name"":""Other"",""pose"":""frontal""}"
Other_34.jpg,36790,"{""series"":"""",""frame_id"":""""}",1,0,"{""name"":""rect"",""x"":23,""y"":17,""width"":408,""height"":399}","{""name"":""Other"",""pose"":""frontal""}"
Other_35.jpg,35933,"{""series"":"""",""frame_id"":""""}",1,0,"{""name"":""rect"",""x"":124,""y"":30,""width"":237,""height"":304}","{""name"":""Other"",""pose"":""frontal""}"
Other_36.jpg,23513,"{""series"":"""",""frame_id"":""""}",1,0,"{""name"":""rect"",""x"":111,""y"":24,""width"":266,""height"":226}","{""name"":""Other"",""pose"":""frontal""}"
Other_37.jpg,25044,"{""series"":"""",""frame_id"":""""}",1,0,"{""name"":""rect"",""x"":143,""y"":20,""width"":222,""height"":255}","{""name"":""Other"",""pose"":""frontal""}"
Other_38.jpg,37532,"{""series"":"""",""frame_id"":""""}",1,0,"{""name"":""rect"",""x"":79,""y"":50,""width"":333,""height"":329}","{""name"":""Other"",""pose"":""frontal""}"
Other_39.jpg,40362,"{""series"":"""",""frame_id"":""""}",1,0,"{""name"":""rect"",""x"":95,""y"":23,""width"":140,""height"":212}","{""name"":""Other"",""pose"":""frontal""}"
Other_40.jpg,49085,"{""series"":"""",""frame_id"":""""}",1,0,"{""name"":""rect"",""x"":137,""y"":67,""width"":213,""height"":253}","{""name"":""Other"",""pose"":""frontal""}"
Other_41.jpg,29202,"{""series"":"""",""frame_id"":""""}",1,0,"{""name"":""rect"",""x"":142,""y"":78,""width"":194,""height"":249}","{""name"":""Other"",""pose"":""frontal""}"
Other_42.jpg,21360,"{""series"":"""",""frame_id"":""""}",1,0,"{""name"":""rect"",""x"":180,""y"":34,""width"":235,""height"":268}","{""name"":""Other"",""pose"":""frontal""}"
Other_43.jpg,35452,"{""series"":"""",""frame_id"":""""}",1,0,"{""name"":""rect"",""x"":119,""y"":86,""width"":164,""height"":152}","{""name"":""Other"",""pose"":""frontal""}"
Other_44.jpg,31765,"{""series"":"""",""frame_id"":""""}",1,0,"{""name"":""rect"",""x"":161,""y"":29,""width"":195,""height"":215}","{""name"":""Other"",""pose"":""frontal""}"
Other_45.jpg,25215,"{""series"":"""",""frame_id"":""""}",1,0,"{""name"":""rect"",""x"":166,""y"":25,""width"":204,""height"":150}","{""name"":""Other"",""pose"":""frontal""}"
Other_46.jpg,29795,"{""series"":"""",""frame_id"":""""}",1,0,"{""name"":""rect"",""x"":73,""y"":86,""width"":203,""height"":199}","{""name"":""Other"",""pose"":""frontal""}"
Other_47.jpg,28737,"{""series"":"""",""frame_id"":""""}",1,0,"{""name"":""rect"",""x"":128,""y"":60,""width"":262,""height"":325}","{""name"":""Other"",""pose"":""frontal""}"
Other_48.jpg,31655,"{""series"":"""",""frame_id"":""""}",1,0,"{""name"":""rect"",""x"":84,""y"":4,""width"":251,""height"":252}","{""name"":""Other"",""pose"":""frontal""}"
Other_49.jpg,29105,"{""series"":"""",""frame_id"":""""}",1,0,"{""name"":""rect"",""x"":82,""y"":19,""width"":257,""height"":251}","{""name"":""Other"",""pose"":""frontal""}"
Other_50.jpg,36404,"{""series"":"""",""frame_id"":""""}",1,0,"{""name"":""rect"",""x"":136,""y"":29,""width"":245,""height"":282}","{""name"":""Other"",""pose"":""frontal""}"
Other_51.jpg,37767,"{""series"":"""",""frame_id"":""""}",1,0,"{""name"":""rect"",""x"":122,""y"":33,""width"":214,""height"":262}","{""name"":""Other"",""pose"":""frontal""}"
Other_52.jpg,31171,"{""series"":"""",""frame_id"":""""}",1,0,"{""name"":""rect"",""x"":90,""y"":130,""width"":289,""height"":307}","{""name"":""Other"",""pose"":""frontal""}"